{
	"loader": "fusion:model",
	"type": "connecting",
	"textures": {
		"particle": "block/snow/snow_side_default",
		"side_default": "block/snow/snow_side_default"
	},
	"connections": [
{"type": "match_block", "block": "acacia_leaves"},
{"type": "match_block", "block": "acacia_log"},
{"type": "match_block", "block": "acacia_planks"},
{"type": "match_block", "block": "acacia_wood"},
{"type": "match_block", "block": "amethyst_block"},
{"type": "match_block", "block": "ancient_debris"},
{"type": "match_block", "block": "andesite"},
{"type": "match_block", "block": "azalea_leaves"},
{"type": "match_block", "block": "barrel"},
{"type": "match_block", "block": "basalt"},
{"type": "match_block", "block": "bee_nest"},
{"type": "match_block", "block": "beehive"},
{"type": "match_block", "block": "birch_leaves"},
{"type": "match_block", "block": "birch_log"},
{"type": "match_block", "block": "birch_planks"},
{"type": "match_block", "block": "birch_wood"},
{"type": "match_block", "block": "black_concrete"},
{"type": "match_block", "block": "black_concrete_powder"},
{"type": "match_block", "block": "black_glazed_terracotta"},
{"type": "match_block", "block": "black_shulker_box"},
{"type": "match_block", "block": "black_stained_glass"},
{"type": "match_block", "block": "black_terracotta"},
{"type": "match_block", "block": "black_wool"},
{"type": "match_block", "block": "blackstone"},




{"type": "match_block", "block": "blast_furnace"},
{"type": "match_block", "block": "blue_concrete"},
{"type": "match_block", "block": "blue_concrete_powder"},
{"type": "match_block", "block": "blue_glazed_terracotta"},
{"type": "match_block", "block": "blue_ice"},
{"type": "match_block", "block": "blue_shulker_box"},
{"type": "match_block", "block": "blue_stained_glass"},
{"type": "match_block", "block": "blue_terracotta"},
{"type": "match_block", "block": "blue_wool"},
{"type": "match_block", "block": "bone_block"},
{"type": "match_block", "block": "bookshelf"},
{"type": "match_block", "block": "brain_coral_block"},
{"type": "match_block", "block": "bricks"},
{"type": "match_block", "block": "brown_concrete"},
{"type": "match_block", "block": "brown_concrete_powder"},
{"type": "match_block", "block": "brown_glazed_terracotta"},
{"type": "match_block", "block": "brown_mushroom_block"},
{"type": "match_block", "block": "brown_shulker_box"},
{"type": "match_block", "block": "brown_stained_glass"},
{"type": "match_block", "block": "brown_terracotta"},
{"type": "match_block", "block": "brown_wool"},
{"type": "match_block", "block": "budding_amethyst"},
{"type": "match_block", "block": "cartography_table"},
{"type": "match_block", "block": "carved_pumpkin"},
{"type": "match_block", "block": "chiseled_deepslate"},
{"type": "match_block", "block": "chiseled_nether_bricks"},
{"type": "match_block", "block": "chiseled_polished_blackstone"},
{"type": "match_block", "block": "chiseled_quartz_block"},
{"type": "match_block", "block": "chiseled_red_sandstone"},
{"type": "match_block", "block": "chiseled_sandstone"},
{"type": "match_block", "block": "chiseled_stone_bricks"},
{"type": "match_block", "block": "clay"},
{"type": "match_block", "block": "coal_block"},
{"type": "match_block", "block": "coal_ore"},
{"type": "match_block", "block": "coarse_dirt"},
{"type": "match_block", "block": "cobbled_deepslate"},
{"type": "match_block", "block": "cobblestone"},
{"type": "match_block", "block": "composter"},
{"type": "match_block", "block": "copper_block"},
{"type": "match_block", "block": "copper_ore"},
{"type": "match_block", "block": "cracked_deepslate_bricks"},
{"type": "match_block", "block": "cracked_deepslate_tiles"},
{"type": "match_block", "block": "cracked_nether_bricks"},
{"type": "match_block", "block": "cracked_polished_blackstone_bricks"},
{"type": "match_block", "block": "cracked_stone_bricks"},
{"type": "match_block", "block": "crafting_table"},
{"type": "match_block", "block": "crimson_hyphae"},
{"type": "match_block", "block": "crimson_nylium"},
{"type": "match_block", "block": "crimson_planks"},
{"type": "match_block", "block": "crimson_stem"},
{"type": "match_block", "block": "crying_obsidian"},
{"type": "match_block", "block": "cut_copper"},
{"type": "match_block", "block": "cut_red_sandstone"},
{"type": "match_block", "block": "cut_sandstone"},
{"type": "match_block", "block": "cyan_concrete"},
{"type": "match_block", "block": "cyan_concrete_powder"},
{"type": "match_block", "block": "cyan_glazed_terracotta"},
{"type": "match_block", "block": "cyan_shulker_box"},
{"type": "match_block", "block": "cyan_stained_glass"},
{"type": "match_block", "block": "cyan_terracotta"},
{"type": "match_block", "block": "cyan_wool"},




{"type": "match_block", "block": "dark_oak_leaves"},
{"type": "match_block", "block": "dark_oak_log"},
{"type": "match_block", "block": "dark_oak_planks"},
{"type": "match_block", "block": "dark_oak_wood"},
{"type": "match_block", "block": "dark_prismarine"},
{"type": "match_block", "block": "dead_brain_coral_block"},
{"type": "match_block", "block": "dead_bubble_coral_block"},
{"type": "match_block", "block": "dead_fire_coral_block"},
{"type": "match_block", "block": "dead_horn_coral_block"},
{"type": "match_block", "block": "dead_tube_coral_block"},
{"type": "match_block", "block": "deepslate"},
{"type": "match_block", "block": "deepslate_bricks"},
{"type": "match_block", "block": "deepslate_coal_ore"},
{"type": "match_block", "block": "deepslate_copper_ore"},
{"type": "match_block", "block": "deepslate_diamond_ore"},
{"type": "match_block", "block": "deepslate_emerald_ore"},
{"type": "match_block", "block": "deepslate_gold_ore"},
{"type": "match_block", "block": "deepslate_iron_ore"},
{"type": "match_block", "block": "deepslate_lapis_ore"},
{"type": "match_block", "block": "deepslate_redstone_ore"},
{"type": "match_block", "block": "deepslate_tiles"},
{"type": "match_block", "block": "diamond_block"},
{"type": "match_block", "block": "diamond_ore"},
{"type": "match_block", "block": "diorite"},
{"type": "match_block", "block": "dirt"},
{"type": "match_block", "block": "dispenser"},
{"type": "match_block", "block": "dried_kelp_block"},
{"type": "match_block", "block": "dripstone_block"},
{"type": "match_block", "block": "dropper"},
{"type": "match_block", "block": "emerald_block"},
{"type": "match_block", "block": "emerald_ore"},
{"type": "match_block", "block": "end_stone"},
{"type": "match_block", "block": "end_stone_bricks"},
{"type": "match_block", "block": "exposed_copper"},
{"type": "match_block", "block": "exposed_cut_copper"},
{"type": "match_block", "block": "fire_coral_block"},
{"type": "match_block", "block": "fletching_table"},
{"type": "match_block", "block": "flowering_azalea"},
{"type": "match_block", "block": "flowering_azalea_leaves"},
{"type": "match_block", "block": "furnace"},
{"type": "match_block", "block": "gilded_blackstone"},
{"type": "match_block", "block": "glass"},
{"type": "match_block", "block": "glowstone"},
{"type": "match_block", "block": "gold_block"},
{"type": "match_block", "block": "gold_ore"},
{"type": "match_block", "block": "granite"},
{"type": "match_block", "block": "gravel"},
{"type": "match_block", "block": "gray_concrete"},
{"type": "match_block", "block": "gray_concrete_powder"},
{"type": "match_block", "block": "gray_glazed_terracotta"},
{"type": "match_block", "block": "gray_shulker_box"},
{"type": "match_block", "block": "gray_stained_glass"},
{"type": "match_block", "block": "gray_terracotta"},
{"type": "match_block", "block": "gray_wool"},
{"type": "match_block", "block": "green_concrete"},
{"type": "match_block", "block": "green_concrete_powder"},
{"type": "match_block", "block": "green_glazed_terracotta"},
{"type": "match_block", "block": "green_shulker_box"},
{"type": "match_block", "block": "green_stained_glass"},
{"type": "match_block", "block": "green_terracotta"},
{"type": "match_block", "block": "green_wool"},
{"type": "match_block", "block": "hay_block"},
{"type": "match_block", "block": "honey_block"},




{"type": "match_block", "block": "honeycomb_block"},
{"type": "match_block", "block": "ice"},
{"type": "match_block", "block": "infested_chiseled_stone_bricks"},
{"type": "match_block", "block": "infested_cobblestone"},
{"type": "match_block", "block": "infested_cracked_stone_bricks"},
{"type": "match_block", "block": "infested_deepslate"},
{"type": "match_block", "block": "infested_mossy_stone_bricks"},
{"type": "match_block", "block": "infested_stone"},
{"type": "match_block", "block": "infested_stone_bricks"},
{"type": "match_block", "block": "iron_block"},
{"type": "match_block", "block": "iron_ore"},
{"type": "match_block", "block": "jukebox"},
{"type": "match_block", "block": "jungle_leaves"},
{"type": "match_block", "block": "jungle_log"},
{"type": "match_block", "block": "jungle_planks"},
{"type": "match_block", "block": "jungle_wood"},
{"type": "match_block", "block": "lapis_block"},
{"type": "match_block", "block": "lapis_ore"},
{"type": "match_block", "block": "light_blue_concrete"},
{"type": "match_block", "block": "light_blue_concrete_powder"},
{"type": "match_block", "block": "light_blue_glazed_terracotta"},
{"type": "match_block", "block": "light_blue_shulker_box"},
{"type": "match_block", "block": "light_blue_stained_glass"},
{"type": "match_block", "block": "light_blue_terracotta"},
{"type": "match_block", "block": "light_blue_wool"},
{"type": "match_block", "block": "light_gray_concrete"},
{"type": "match_block", "block": "light_gray_concrete_powder"},
{"type": "match_block", "block": "light_gray_glazed_terracotta"},
{"type": "match_block", "block": "light_gray_shulker_box"},
{"type": "match_block", "block": "light_gray_stained_glass"},
{"type": "match_block", "block": "light_gray_terracotta"},
{"type": "match_block", "block": "light_gray_wool"},
{"type": "match_block", "block": "lime_concrete"},
{"type": "match_block", "block": "lime_concrete_powder"},
{"type": "match_block", "block": "lime_glazed_terracotta"},
{"type": "match_block", "block": "lime_shulker_box"},
{"type": "match_block", "block": "lime_stained_glass"},
{"type": "match_block", "block": "lime_terracotta"},
{"type": "match_block", "block": "lime_wool"},
{"type": "match_block", "block": "lodestone"},
{"type": "match_block", "block": "loom"},
{"type": "match_block", "block": "magenta_concrete"},
{"type": "match_block", "block": "magenta_concrete_powder"},
{"type": "match_block", "block": "magenta_glazed_terracotta"},
{"type": "match_block", "block": "magenta_shulker_box"},
{"type": "match_block", "block": "magenta_stained_glass"},
{"type": "match_block", "block": "magenta_terracotta"},
{"type": "match_block", "block": "magenta_wool"},
{"type": "match_block", "block": "magma_block"},
{"type": "match_block", "block": "melon"},
{"type": "match_block", "block": "melon_stem"},
{"type": "match_block", "block": "moss_block"},
{"type": "match_block", "block": "mossy_cobblestone"},
{"type": "match_block", "block": "mossy_stone_bricks"},
{"type": "match_block", "block": "mushroom_stem"},
{"type": "match_block", "block": "mycelium"},
{"type": "match_block", "block": "nether_bricks"},
{"type": "match_block", "block": "nether_gold_ore"},
{"type": "match_block", "block": "nether_quartz_ore"},
{"type": "match_block", "block": "nether_wart_block"},
{"type": "match_block", "block": "netherite_block"},
{"type": "match_block", "block": "netherrack"},
{"type": "match_block", "block": "note_block"},
{"type": "match_block", "block": "oak_leaves"},
{"type": "match_block", "block": "oak_log"},
{"type": "match_block", "block": "oak_planks"},
{"type": "match_block", "block": "oak_wood"},
{"type": "match_block", "block": "observer"},
{"type": "match_block", "block": "obsidian"},
{"type": "match_block", "block": "orange_concrete"},
{"type": "match_block", "block": "orange_concrete_powder"},
{"type": "match_block", "block": "orange_glazed_terracotta"},
{"type": "match_block", "block": "orange_shulker_box"},
{"type": "match_block", "block": "orange_stained_glass"},
{"type": "match_block", "block": "orange_terracotta"},




{"type": "match_block", "block": "orange_wool"},
{"type": "match_block", "block": "oxidized_copper"},
{"type": "match_block", "block": "oxidized_cut_copper"},
{"type": "match_block", "block": "packed_ice"},
{"type": "match_block", "block": "pink_concrete"},
{"type": "match_block", "block": "pink_concrete_powder"},
{"type": "match_block", "block": "pink_glazed_terracotta"},
{"type": "match_block", "block": "pink_shulker_box"},
{"type": "match_block", "block": "pink_stained_glass"},
{"type": "match_block", "block": "pink_terracotta"},
{"type": "match_block", "block": "pink_wool"},
{"type": "match_block", "block": "podzol"},
{"type": "match_block", "block": "pointed_dripstone"},
{"type": "match_block", "block": "polished_andesite"},
{"type": "match_block", "block": "polished_basalt"},
{"type": "match_block", "block": "polished_blackstone"},
{"type": "match_block", "block": "polished_blackstone_bricks"},
{"type": "match_block", "block": "polished_deepslate"},
{"type": "match_block", "block": "polished_diorite"},
{"type": "match_block", "block": "polished_granite"},
{"type": "match_block", "block": "prismarine"},
{"type": "match_block", "block": "prismarine_bricks"},
{"type": "match_block", "block": "pumpkin"},
{"type": "match_block", "block": "pumpkin_stem"},
{"type": "match_block", "block": "purple_concrete"},
{"type": "match_block", "block": "purple_concrete_powder"},
{"type": "match_block", "block": "purple_glazed_terracotta"},
{"type": "match_block", "block": "purple_shulker_box"},
{"type": "match_block", "block": "purple_stained_glass"},
{"type": "match_block", "block": "purple_terracotta"},
{"type": "match_block", "block": "purple_wool"},
{"type": "match_block", "block": "purpur_block"},
{"type": "match_block", "block": "purpur_pillar"},
{"type": "match_block", "block": "quartz_block"},
{"type": "match_block", "block": "quartz_bricks"},
{"type": "match_block", "block": "quartz_pillar"},
{"type": "match_block", "block": "raw_copper_block"},
{"type": "match_block", "block": "raw_gold_block"},
{"type": "match_block", "block": "raw_iron_block"},
{"type": "match_block", "block": "red_concrete"},
{"type": "match_block", "block": "red_concrete_powder"},
{"type": "match_block", "block": "red_glazed_terracotta"},
{"type": "match_block", "block": "red_mushroom"},
{"type": "match_block", "block": "red_mushroom_block"},
{"type": "match_block", "block": "red_nether_bricks"},




{"type": "match_block", "block": "red_sand"},
{"type": "match_block", "block": "red_sandstone"},
{"type": "match_block", "block": "red_shulker_box"},
{"type": "match_block", "block": "red_stained_glass"},
{"type": "match_block", "block": "red_terracotta"},
{"type": "match_block", "block": "red_wool"},
{"type": "match_block", "block": "redstone_block"},
{"type": "match_block", "block": "redstone_lamp"},
{"type": "match_block", "block": "redstone_ore"},
{"type": "match_block", "block": "repeater"},
{"type": "match_block", "block": "rooted_dirt"},
{"type": "match_block", "block": "sand"},
{"type": "match_block", "block": "sandstone"},
{"type": "match_block", "block": "sea_lantern"},
{"type": "match_block", "block": "shroomlight"},
{"type": "match_block", "block": "shulker_box"},
{"type": "match_block", "block": "slime_block"},
{"type": "match_block", "block": "smithing_table"},
{"type": "match_block", "block": "smoker"},
{"type": "match_block", "block": "smooth_basalt"},
{"type": "match_block", "block": "smooth_quartz"},
{"type": "match_block", "block": "smooth_red_sandstone"},
{"type": "match_block", "block": "smooth_sandstone"},
{"type": "match_block", "block": "smooth_stone"},
{"type": "match_block", "block": "soul_sand"},
{"type": "match_block", "block": "soul_soil"},
{"type": "match_block", "block": "spawner"},
{"type": "match_block", "block": "sponge"},
{"type": "match_block", "block": "spruce_leaves"},
{"type": "match_block", "block": "spruce_log"},
{"type": "match_block", "block": "spruce_planks"},
{"type": "match_block", "block": "spruce_wood"},
{"type": "match_block", "block": "stone"},
{"type": "match_block", "block": "stone_bricks"},
{"type": "match_block", "block": "stripped_acacia_log"},
{"type": "match_block", "block": "stripped_acacia_wood"},
{"type": "match_block", "block": "stripped_birch_log"},
{"type": "match_block", "block": "stripped_birch_wood"},
{"type": "match_block", "block": "stripped_crimson_hyphae"},
{"type": "match_block", "block": "stripped_crimson_stem"},
{"type": "match_block", "block": "stripped_dark_oak_log"},
{"type": "match_block", "block": "stripped_dark_oak_wood"},
{"type": "match_block", "block": "stripped_jungle_log"},
{"type": "match_block", "block": "stripped_jungle_wood"},
{"type": "match_block", "block": "stripped_oak_log"},
{"type": "match_block", "block": "stripped_oak_wood"},
{"type": "match_block", "block": "stripped_spruce_log"},
{"type": "match_block", "block": "stripped_spruce_wood"},
{"type": "match_block", "block": "stripped_warped_hyphae"},
{"type": "match_block", "block": "stripped_warped_stem"},
{"type": "match_block", "block": "target"},
{"type": "match_block", "block": "terracotta"},
{"type": "match_block", "block": "tinted_glass"},
{"type": "match_block", "block": "tnt"},
{"type": "match_block", "block": "tube_coral_block"},
{"type": "match_block", "block": "tuff"},
{"type": "match_block", "block": "warped_hyphae"},
{"type": "match_block", "block": "warped_nylium"},
{"type": "match_block", "block": "warped_planks"},
{"type": "match_block", "block": "warped_stem"},
{"type": "match_block", "block": "warped_wart_block"},
{"type": "match_block", "block": "waxed_copper_block"},
{"type": "match_block", "block": "waxed_cut_copper"},
{"type": "match_block", "block": "waxed_exposed_copper"},
{"type": "match_block", "block": "waxed_exposed_cut_copper"},
{"type": "match_block", "block": "waxed_oxidized_copper"},
{"type": "match_block", "block": "waxed_oxidized_cut_copper"},
{"type": "match_block", "block": "waxed_weathered_copper"},
{"type": "match_block", "block": "waxed_weathered_cut_copper"},
{"type": "match_block", "block": "weathered_copper"},
{"type": "match_block", "block": "weathered_cut_copper"},
{"type": "match_block", "block": "wet_sponge"},
{"type": "match_block", "block": "white_concrete"},
{"type": "match_block", "block": "white_concrete_powder"},
{"type": "match_block", "block": "white_glazed_terracotta"},
{"type": "match_block", "block": "white_shulker_box"},
{"type": "match_block", "block": "white_stained_glass"},
{"type": "match_block", "block": "white_terracotta"},
{"type": "match_block", "block": "white_wool"},
{"type": "match_block", "block": "yellow_concrete"},
{"type": "match_block", "block": "yellow_concrete_powder"},
{"type": "match_block", "block": "yellow_glazed_terracotta"},
{"type": "match_block", "block": "yellow_shulker_box"},
{"type": "match_block", "block": "yellow_stained_glass"},
{"type": "match_block", "block": "yellow_terracotta"},
{"type": "match_block", "block": "yellow_wool"},




{"type": "match_block", "block": "reinforced_deepslate"},
{"type": "match_block", "block": "packed_mud"},
{"type": "match_block", "block": "mud_bricks"},
{"type": "match_block", "block": "azalea"},
{"type": "match_block", "block": "ochre_froglight"},
{"type": "match_block", "block": "verdant_froglight"},
{"type": "match_block", "block": "pearlescent_froglight"},
{"type": "match_block", "block": "sculk"},
{"type": "match_block", "block": "sculk_catalyst"},
{"type": "match_block", "block": "bedrock"},
{"type": "match_block", "block": "beacon"},
{"type": "match_block", "block": "suspicious_sand"},
{"type": "match_block", "block": "suspicious_gravel"},
{"type": "match_block", "block": "chiseled_bookshelf"},
{"type": "match_block", "block": "respawn_anchor"},
{"type": "match_block", "block": "piston"},
{"type": "match_block", "block": "sticky_piston"},
{"type": "match_block", "block": "mangrove_log"},
{"type": "match_block", "block": "mangrove_wood"},
{"type": "match_block", "block": "stripped_mangrove_log"},
{"type": "match_block", "block": "stripped_mangrove_wood"},
{"type": "match_block", "block": "mangrove_planks"},
{"type": "match_block", "block": "mangrove_roots"},
{"type": "match_block", "block": "muddy_mangrove_roots"},
{"type": "match_block", "block": "mangrove_leaves"},
{"type": "match_block", "block": "cherry_log"},
{"type": "match_block", "block": "cherry_wood"},
{"type": "match_block", "block": "stripped_cherry_log"},
{"type": "match_block", "block": "stripped_cherry_wood"},
{"type": "match_block", "block": "cherry_planks"},
{"type": "match_block", "block": "cherry_leaves"},
{"type": "match_block", "block": "bamboo_block"},
{"type": "match_block", "block": "stripped_bamboo_block"},
{"type": "match_block", "block": "bamboo_planks"},
{"type": "match_block", "block": "bamboo_mosaic"},
{"type": "match_block", "block": "calcite"},
{"type": "match_block", "block": "jack_o_lantern"},
{"type": "match_block", "block": "jigsaw"},
{"type": "match_block", "block": "command_block"},
{"type": "match_block", "block": "chain_command_block"},
{"type": "match_block", "block": "repeating_command_block"},
{"type": "match_block", "block": "structure_block"}
	],
	"elements": [
		{
			"from": [0, -16, 0],
			"to": [16, 0, 16],
			"rotation": {"angle": 0, "axis": "y", "origin": [0, -46.1, 0]},
			"faces": {
				"north": {"uv": [0, 0, 16, 16], "texture": "#side_default", "cullface": "north"},
				"east": {"uv": [0, 0, 16, 16], "texture": "#side_default", "cullface": "east"},
				"south": {"uv": [0, 0, 16, 16], "texture": "#side_default", "cullface": "south"},
				"west": {"uv": [0, 0, 16, 16], "texture": "#side_default", "cullface": "west"}
			}
		}
	],
	"groups": [
		{
			"name": "snow",
			"origin": [8, 8, 8],
			"color": 0,
			"children": [0]
		}
	]
}